Achv_ID,Achv_Name,Game_ID
79325073,A Confrontational Nature,3077061
81690514,Mind Thief,9751310
11503762,A Matter of Aim,6443957
65691764,A Nice Bit of Claret,5939307
57774793,A Quiet Man,6462829
77900232,A Time of War & Heroes,4167000
19064329,Accessories by Kemmler,1878655
74909588,Ambassador,8886656
56104067,Appraiser,6157385
90986544,Arcane Spoils,1441196
90634234,Armchair Emperor,2951627
59684928,Armchair General,9361122
73052340,Aspirant,5259212
44322209,At the World's Edge,1228990
92880419,Beast Keeper,7670481
19341416,Beast Master,4426120
84692895,Big Boss of All Da Boyz,2579290
89483320,Bit of a Bonfire,2282682
45007206,Black Powder Pounder,5597123
79968953,Blessed Be The Lady,8518097
51806809,Bloodthirsty,3373576
70704774,Brynduraz Excavator,3077061
52377928,Capture the Zoggin' Flag!,4972310
24151449,Champion,2086027
52837428,Charnel Valley,8037209
55268900,Chief Spanna Whacka,6463010
24171342,Conqueror of the Southern Coast,4259204
24763213,"Conqueror? God, More Like!",7033660
91782951,Da Best Raiderz,5960071
18924498,Da Big Warboss,8268922
37835022,Da Greatest Warboss,7637254
61475466,Dark Academy,3309688
23452650,Death from Above!,8367901
68247961,Disciple of the Spider God,2508160
46612242,Down in the Underway at Midnight,4259204
87561990,Concussive,9497148
66530710,Catastrophic,9497148
71748961,Old Dog,5668080
63782004,Coach,8886656
51887879,High Command,5905692
13255799,Charmer,7654128
25135141,High Class,7553617
42114765,Watch Dog,6534405
31340089,Mind Thief,5939307
10779317,Bounty Hunter,5246630
79764646,Living Nightmare,2579290
89964761,Soaked,4772474
91176720,Torrential,9751310
63945477,Swift,9151145
90086231,Hasty,4972310
23937084,Hurricane,4041448
13895614,Bot,9477953
17433638,Built Different,8037209
50635401,Techie,8476158
37254273,Genius,5939307
14465104,Electrifying,3450042
79543367,Zoomer,2282682
94954592,Harbinger,5185229
46464044,Revenant,9497148
16459353,Hot Shot,6389310
51564167,Flashy,7478631
29982434,All Star,3875076
54869535,Warhead,9860147
29815985,Ballistic,7670481
30884602,Empress,6462829
33229655,Savage,6443957
54437505,Warden,1441196
74164744,Enlightened,7553617
98062231,Dauntless,2942030
34443706,Trailblazer,7478631
51206714,Nature's Wrath,9477953
89307327,Hunter,6462829
80411046,Sharpshooter,7033660
31783265,Deadeye,4751323
90256328,Biohazard,5894396
81083948,Toxic,2086027
82697064,Gatecrasher,5311927
90993521,Unmasked,5597123
72856106,Stellar,1228990
32022685,Infinite,5259212
39243697,Dwarf King,6400425
78354189,Elector Count,6157385
67581559,Embark Upon Adventure!,9361122
55585097,Emissary,7033660
64430813,Emperor,4050927
56127272,Factor,4866289
12865719,Fire Dragon,4972310
92417757,First Among Equals,5311927
70813384,For the Lady!,8268922
59376935,Four Corners of the Old World,7478631
12510488,Gatebreaker,5939307
75138972,Going Underground,5185229
35617036,Goldgatherer,6389310
28385950,Good Raiderz,3875076
82214432,Grafs of the Empire,7553617
68748588,"Herald of Famine, Undeath & War",1062915
88253795,Heroic Ideals,9497148
30205116,Highly Unlikely,6534405
63988176,Honour Guard,7553617
31358703,I'm Da Boss!,5905692