Dev_ID,Name
31256,Entertainment Land
54317,Adventure Gaming
94808,Busy Joy
32167,Game Street
99820,Secret Dragon
29015,Fire Hose Video Games
82252,The Next Level
42327,GamesWorld
91834,Nexus Hub
31782,Candy Clay
83990,Video Game Rescue
27659,Play It Again
75278,Studio Gobo
44949,Rare
42180,Improbable
92202,GameCamp
45046,AggroTank Gaming
56839,Arcade Alpha Gaming
64474,CritClass Gaming
90259,Creative Assembly
16508,Team 17 Digital
88274,EA Careers
60697,Element Games
56165,Zatu Games
46100,Nintendo
65383,Valve Corporation
81412,Rockstar Games
22017,Bethesda
25273,Electronic Arts
13459,Sony Computer Entertainment