Emp_ID,F_Name,L_Name,Joining_Date,Salary
8483,Linet,Paulat,02/05/2017,34000
4766,Kirsten,Peaple,04/05/2017,53000
3991,Lilith,Twidle,21/03/2018,66000
9586,Carlene,Archambault,09/04/2018,85000
6755,Elnore,Gillibrand,02/05/2018,89000
4664,Scott,Skeats,05/11/2018,97000
3357,Renata,Heath,14/02/2019,60000
3568,Willette,Mettrick,22/04/2019,51000
9078,Orbadiah,Ovendale,28/05/2019,31000
1766,Shauna,Loughan,01/11/2019,81000
9837,Melisande,Mercer,22/11/2019,47000
2416,Carmelia,Gooms,21/08/2020,87000
7442,Rubia,McDonagh,21/09/2020,37000
6336,Winny,Grubb,06/11/2020,87000
2169,Emily,Davley,03/02/2021,49000
4466,Raffaello,Emson,26/02/2021,98000
9517,Helli,McClancy,04/05/2021,77000
5310,Hastings,Novotne,08/09/2021,91000
6257,Mildred,Camillo,05/10/2021,93000
9551,Cherrita,Buttrum,20/10/2021,73000