Initiator_ID,Acceptor_ID,Date_Friendship
1SM01,OnFkm,30/05/2019
2loX3,lYqU3,04/06/2019
5zSIi,USi2r,05/07/2019
5zSIi,p9QNG,17/10/2019
8TOCZ,AkgCj,25/10/2019
8TOCZ,S8NEH,04/11/2019
8TOCZ,b3750,14/11/2019
8ciNW,1SM01,25/11/2019
8ciNW,gRew3,22/01/2020
8kqdR,klsFH,14/05/2020
9j8Om,bPImg,09/06/2020
AkgCj,k9V5M,24/09/2020
DUPk6,jV3DK,22/02/2021
EO3s0,JUeSu,24/02/2021
EO3s0,TwpZ5,15/03/2021
EO3s0,Vub8p,24/06/2021
Ge4Kz,W7U0e,05/10/2021
HtbyN,yfvgQ,14/10/2021
IwwWr,JpEoH,18/01/2022
IwwWr,hmRg1,24/01/2022
LPdNF,y0Krw,21/03/2022
LQVPM,DQUvy,22/06/2022
OnFkm,EiWwu,30/06/2022
OnFkm,MWE5m,02/08/2022
OnFkm,wV8aB,20/10/2022
P1poP,QhxmA,18/05/2016
S8NEH,TwpZ5,15/06/2016
S8NEH,bPImg,13/12/2016
SEZQ3,f5PtQ,06/01/2017
SEZQ3,pnZH4,12/01/2017
TRuLC,P1poP,18/09/2017
TwpZ5,dQSAQ,20/11/2017
U0rFl,MWE5m,24/11/2017
U0rFl,b3750,29/01/2018
USi2r,PepUd,26/03/2018
USi2r,k9V5M,13/06/2018
VlRsS,AkgCj,16/10/2018
VlRsS,QhxmA,31/12/2018
VqYjE,MplRI,15/01/2019
VqYjE,SEZQ3,10/10/2019
W0fOX,httOy,19/03/2020
W0fOX,rud0W,06/11/2020
W0fOX,zHJfa,03/12/2020
W7U0e,TwpZ5,07/06/2021
W7U0e,dbW91,08/11/2021
XQZeR,USi2r,22/11/2021
Yc7b3,IwwWr,10/03/2022
YmNCM,bPImg,08/04/2022
alJzi,WzHEY,03/06/2022
alJzi,cTTjD,13/06/2022
alJzi,sBGvn,23/05/2016
b3750,PepUd,16/12/2016
b3750,cTTjD,16/02/2017
b3750,httOy,31/03/2017
b3750,lYqU3,03/04/2017
b3750,oFTCq,05/04/2017
cE90g,yfvgQ,25/05/2017
cTTjD,EO3s0,19/10/2017
chL2T,PUbgm,24/10/2017
chL2T,jX3Sb,18/12/2017
dbW91,oFTCq,15/02/2018
f5PtQ,cTTjD,21/01/2019
g52yS,XQZeR,22/02/2019
gDsZ6,PepUd,03/06/2019
gRew3,TRuLC,05/11/2019
hmRg1,IKsQV,11/11/2019
httOy,ioVkv,18/02/2020
jK1Ve,gDsZ6,21/10/2020
jpfm0,dbW91,20/07/2021
k9V5M,JpEoH,26/08/2021
k9V5M,Vub8p,27/10/2021
kQbfC,DUPk6,04/11/2021
kQbfC,gxoTb,21/04/2022
klsFH,oFTCq,04/07/2022
lYqU3,WzHEY,13/10/2022
mbK3l,pmrVs,05/09/2016
pCFqe,VlRsS,10/10/2016
pmrVs,dbW91,27/10/2016
pmrVs,uk3MS,13/06/2017
pnZH4,8ciNW,18/08/2017
r8ayt,zHJfa,09/02/2018
s6wR8,VAKto,07/05/2018
sBGvn,JpEoH,24/09/2018
sBGvn,W0fOX,25/10/2018
sBGvn,afXGa,08/03/2019
uk3MS,DQUvy,20/03/2019
wCxdN,gRew3,05/06/2019
wCxdN,k9V5M,19/11/2019
wCxdN,yS9op,12/12/2019
wV8aB,PepUd,26/03/2020
wV8aB,VAKto,24/04/2020
wV8aB,zhomz,01/03/2021
y0Krw,ioVkv,01/04/2021
yS9op,WzHEY,28/05/2021
yfvgQ,jpfm0,03/08/2021
yfvgQ,zhomz,20/08/2021
zhomz,S8NEH,09/11/2021
zhomz,TkZe3,24/12/2021
zhomz,ZLxdU,21/01/2022
zhomz,trtCL,02/05/2022