Game_ID,Game_Name,About,MRP,Demo_Version,Release_Date,Last_Update,Dev_ID
2703111,Call of Duty: Modern Warfare,"Mech compl of unspecified cardiac device, subs encntr",9070,1,28/05/96,07/12/12,42327
7033660,Batman: Arkham Asylum (Xbox 360),"Oth fx shaft of left tibia, subs for clos fx w delay heal",2970,0,02/04/97,22/05/13,65383
3995359,Quantum Break,"Occup of 3-whl mv injured in clsn w unsp mv in traf, init",9080,1,01/01/98,11/03/14,46100
8268922,Fall Guys,Benign carcinoid tumors of other sites,3810,0,04/06/98,18/03/14,88274
4041448,Far Cry 4,"Laceration without foreign body of unsp wrist, init encntr",0,1,26/02/99,16/12/14,64474
5259212,Forza Motorsport 6,False labor,6330,1,30/03/99,23/01/15,99820
5985813,Call of Duty: Black Ops 4,"Oth fx upper end of left ulna, init for opn fx type I/2",1080,1,19/05/99,30/03/15,75278
9477953,Mass Effect 3,"Nondisp fx of prox 3rd of navic bone of unsp wrs, 7thB",8640,0,18/07/00,03/12/15,32167
3371429,Hitman: Absolution,Acute hepatitis C,0,0,14/04/04,28/11/16,56839
9004427,The Orange Box,"Extrn constrict of left eyelid and perioculr area, sequela",6400,0,14/03/05,12/01/17,82252
7654128,The Witcher 3: Wild Hunt,"Sprain of MCP joint of left little finger, subs",3650,1,01/11/06,27/07/17,22017
5721231,Guitar Hero III: Legends of Rock,"Drug/chem diab with severe nonp rtnop w/o mclr edema, l eye",6020,0,16/05/08,17/10/17,88274
5597123,L.A. Noire (Xbox 360),Pedestrian injured in other and unsp transport accidents,4150,1,11/07/08,18/10/17,56839
3450042,SUPERHOT,"Fx unsp part of neck of left femur, init for opn fx type I/2",0,1,19/08/08,05/12/17,32167
6157385,Cyberpunk 2077,Adverse effect of other antidepressants,9690,1,04/05/09,26/02/18,16508
2597100,Fallout 76,"Poisoning by unsp psychodysleptics, self-harm, sequela",7260,0,06/12/10,28/02/18,99820
6071376,Resident Evil 7: Biohazard,"Other bursal cyst, left elbow",6010,1,05/09/13,08/05/18,75278
5246630,Plants vs. Zombies,"Oth fx lower end of r tibia, subs for clos fx w delay heal",6840,1,31/10/13,30/10/18,42327
4320888,Tom Clancy's Rainbow Six Vegas 2,"Small kidney, unspecified",0,0,11/11/14,23/01/19,94808
4506073,Marvel's Avengers,"Poisoning by analeptics and opioid receptor antag, self-harm",2210,1,12/02/16,25/01/19,99820
8988447,Battlefield V,Non-pressure chronic ulcer of buttock with necrosis of bone,3740,1,29/04/16,18/04/19,90259
8382609,Halo Wars,"Complete traumatic amputation of r low leg, level unsp, init",7010,1,23/07/19,03/05/19,99820
3891321,Forza Motorsport 3,"Open bite of abd wall, right upper q w penet perit cav",1370,0,18/10/19,null,60697
8776164,Rare Replay,"Corrosion of third degree of left shoulder, sequela",9130,1,15/01/20,04/06/20,54317
9497148,Call of Duty: Black Ops Cold War,"Poisoning by iron and its compounds, accidental, sequela",9560,0,28/07/20,23/10/20,99820
5939307,Borderlands 3,"Underdosing of androgens and anabolic congeners, subs encntr",0,1,27/06/96,19/12/12,45046
3875076,BioShock 2,"Nondisp fx of shaft of left clavicle, init for clos fx",7710,1,30/07/97,16/04/13,90259
4866289,Microsoft Solitaire Collection (UWP),Striking against or struck by other objects,490,0,25/08/00,10/06/13,75278
1441196,Trials Fusion,"Burn of third degree of neck, sequela",3410,0,21/09/00,14/04/14,54317
4452771,Just Cause 2,"Unsp trochan fx l femr, 7thH",0,1,10/10/00,27/08/14,90259
2086027,Dead Rising (Xbox 360),"Asphyxiation due to being trapped in a car trunk, self-harm",6770,0,04/06/04,19/09/14,82252
2282682,Mass Effect: Andromeda,"Maternal care for anti-D antibodies, unsp trimester, fetus 1",9500,0,18/08/05,28/01/15,13459
4167000,Tomb Raider,"Other injury of inferior mesenteric artery, sequela",0,1,06/07/06,08/04/15,13459
6443957,Payday 2: Crimewave Edition,"Crushing injury of left great toe, initial encounter",8770,1,24/08/06,14/05/15,32167
2508160,Saints Row IV,"Nondisp transverse fx shaft of r rad, 7thQ",3680,1,10/08/07,26/05/15,81412
4259204,Outriders,"Car driver injured in collision w hv veh nontraf, subs",920,1,10/03/08,10/06/15,54317
9029459,Tom Clancy's The Division 2,"Displ oblique fx shaft of r tibia, 7thN",9690,0,04/03/11,09/07/15,42327
3648847,Diablo III: Reaper of Souls - Ultimate Evil Edition,"Unsp opn wnd abd wall, left low q w/o penet perit cav, init",6210,0,27/06/11,05/08/15,92202
4426120,Forza Motorsport 7,"Sltr-haris Type II physeal fx lower end radius, left arm",9290,1,01/07/11,16/03/16,75278
3641660,Halo: Combat Evolved Anniversary,"Nondisp bicondylar fx unsp tibia, 7thP",0,0,04/04/12,06/09/16,90259
7453335,Call of Duty: Infinite Warfare,"Poisoning by oth antipsychot/neurolept, accidental, sequela",3400,1,09/08/12,11/07/17,56839
5043846,Evolve,"Acute pericarditis, unspecified",7180,1,01/07/14,04/08/17,16508
6582019,Dante's Inferno,"Sprain of right acromioclavicular joint, subs encntr",7290,0,03/09/14,01/09/17,22017
7889575,Plants vs. Zombies Garden Warfare 2,"Mech compl of cardiac pulse generator (battery), subs encntr",0,0,05/09/14,05/09/17,44949
3077061,Golf With Your Friends,"Major laceration of inferior vena cava, initial encounter",7970,1,06/11/14,12/06/18,32167
2579290,Metal Gear Solid V: The Phantom Pain,Malignant neuroleptic syndrome,6990,0,13/01/15,18/12/18,56839
5668080,Sleeping Dogs,Asphyx due to smothr under another person's body (in bed),8920,0,23/11/16,18/10/19,92202
7881760,Injustice 2,"Subluxation of T3/T4 thoracic vertebra, subsequent encounter",5520,1,29/07/19,null,22017
6462829,Worms Battlegrounds,"Carbuncle of back [any part, except buttock]",8730,1,29/11/19,13/01/20,65383
2247901,For Honor,Pelvic varices,0,0,14/07/20,null,16508
7511958,LEGO Star Wars: The Complete Saga,"Twin liveborn infant, delivered by cesarean",8160,0,19/04/06,26/11/12,32167
4772474,Assassin's Creed IV: Black Flag (Xbox 360),Other superficial bite of left forearm,5060,0,31/10/06,07/06/13,94808
4751323,ARK: Survival Evolved,Malignant neoplasm of endo glands and related structures,2430,0,20/08/07,19/07/13,31782
9460800,Peggle 2,"Traum subrac hem w LOC w death d/t oth cause bf consc, sqla",1990,0,23/08/07,20/08/13,81412
2962301,Max: The Curse of Brotherhood,Congenital talipes calcaneovarus,9140,0,05/03/09,11/03/14,22017
4050927,Peggle,"Corrosion of first degree of unsp forearm, subs encntr",0,0,13/04/10,28/07/14,29015
1298072,Assassin's Creed Valhalla,"Inj muscle, fascia and tendon at neck level, sequela",4040,0,02/05/11,02/09/14,32167
5185229,BattleBlock Theater,"Blister (nonthermal), unspecified lesser toe(s), init encntr",7370,0,08/06/11,07/08/15,82252
5894396,Hellblade: Senua's Sacrifice,"Bennett's fracture, unsp hand, subs for fx w nonunion",1090,0,01/12/11,07/06/16,22017
8886656,Dragon Age: Origins,"Toxic effect of venom of gila monster, undetermined",7780,1,22/03/13,21/07/16,16508
5311927,ReCore,Pain in forearm,0,0,12/07/13,12/12/16,54317
9751310,Spartacus Legends,"Contact with other hot tap-water, initial encounter",2370,1,16/04/14,21/06/17,65383
3373576,Star Wars: The Force Unleashed II,"Assault by machine gun, initial encounter",3220,0,15/05/14,28/06/17,54317
6400425,Forza Motorsport 4,"Burn of unspecified degree of chin, initial encounter",9370,0,22/01/15,23/08/17,56165
8238328,LEGO Indiana Jones: Original Adventures,"Nondisp fx of coronoid pro of r ulna, 7thH",8500,0,26/02/15,11/09/17,88274
1878655,Battlefield: Bad Company,"Displ oblique fx shaft of l tibia, 7thK",0,1,24/07/15,10/01/18,88274
6534405,Subnautica,Other incomplete lesion at C1 level of cervical spinal cord,1560,1,22/10/15,null,16508
9361122,Ori and the Blind Forest: Definitive Edition,Placental disorders,7020,1,15/11/17,19/03/18,75278
1397557,Watch_Dogs 2,Pnctr w foreign body of left lesser toe(s) w damage to nail,2450,1,08/12/17,18/12/19,42180
1062915,Doritos Crash Course 2,"Contracture of muscle, unspecified ankle and foot",2340,0,18/06/18,10/06/20,25273
9062725,Lords of the Fallen,"Pathological fracture, left toe(s), subs for fx w routn heal",0,0,21/09/18,12/06/20,31256
7553617,Maneater,"Disp fx of unsp tibial tuberosity, 7thG",2550,0,19/04/19,null,31782
9151145,Crackdown 3: Campaign,"Nondisp commnt fx shaft of ulna, unsp arm, 7thE",7860,0,18/09/19,15/09/20,91834
9914142,Forza Horizon 2 Presents Fast & Furious,"Struck by bat, racquet or club",2320,1,09/10/19,null,65383
8476158,UNO (Xbox 360),Thoracoabdominal aortic ectasia,8250,1,22/06/20,09/10/20,31782
7861589,Final Fantasy XV,"Disp fx of post wall of l acetab, subs for fx w routn heal",0,1,23/12/05,12/02/19,44949
9860147,Borderlands: The Pre-Sequel,"Nondisp posterior arch fx first cervcal vertebra, init",3220,0,23/05/07,22/02/19,56839
7637254,Sid Meier's Civilization Revolution,"Oth disorders of skin, subcu related to radiation",4330,1,06/09/07,07/05/19,16508
1592710,Need for Speed Rivals,"I/I react d/t implnt elec nstim of spinal cord, lead, subs",3150,1,18/01/08,25/10/19,25273
6389310,Metal Gear Solid V: Ground Zeroes,"Displ trimalleol fx unsp low leg, 7thE",9690,1,18/11/08,27/11/19,44949
7478631,Neverwinter,"Benign neoplasm of brain, supratentorial",880,1,23/03/09,16/12/19,75278
1313183,Shadow of the Tomb Raider,"Unsp fx upper end left radius, subs for clos fx w malunion",8170,0,12/10/09,15/07/20,99820
9863739,Fortnite,"Nondisp suprcndl fx w/o intrcndl extn low end l femr, 7thB",5720,1,04/01/10,03/08/20,75278
3309688,Far Cry 2,"Abrasion of breast, left breast, sequela",0,0,01/09/10,13/08/20,16508
5230423,Plants vs. Zombies Garden Warfare,"Dislocation of C5/C6 cervical vertebrae, sequela",4740,0,03/01/11,15/09/20,32167
8883629,Halo: Spartan Assault,"Obstructed labor, unspecified",2670,0,01/08/11,22/09/20,44949
7749104,Slime Rancher,"Sltr-haris Type II physl fx upr end humer, r arm, 7thP",0,1,04/07/13,15/10/20,82252
2942030,Trackmania Turbo,"Expsr to rdct in atmos pressr wh surfc fr dp-watr div, sqla",9530,1,09/07/13,23/11/20,81412
7670481,Call of Duty: Ghosts,"Nondisp avuls fx tuberosity of l calcaneus, 7thD",540,1,06/09/13,25/01/21,22017
2951627,LEGO Batman,"Unsp fx upper end unsp tibia, subs for clos fx w delay heal",9060,1,14/10/13,11/02/21,56839
8037209,Mortal Kombat,"Pnctr w/o fb of abd wall, epigst rgn w penet perit cav",1670,1,03/06/15,15/02/21,44949
6463010,World War Z,"Outcome of delivery, unspecified",0,0,08/09/15,15/04/21,60697
8306584,Gang Beasts,"Activity, circuit training",320,1,11/02/16,21/05/21,13459
8518097,SSX,"War op w indirect blast effect of nuclear weapon, milt",3410,1,28/09/16,19/10/21,44949
5960071,Dead Space 2,"Flail chest, initial encounter for open fracture",8110,1,10/04/17,01/12/21,91834
6619482,Life is Strange,"Nondisp fx of trapezoid, left wrist, subs for fx w malunion",0,1,11/09/17,03/01/22,22017
8367901,Crysis 2,Oth traumatic spondylolisthesis of seventh cervical vertebra,3920,0,01/01/19,null,31782
4972310,Just Cause 3,"Oth osteopor w crnt path fx, r shldr, 7thG",9030,0,11/11/20,11/03/22,29015
1228990,Alien: Isolation,"Inj musc/fasc/tend at forearm level, unsp arm, subs encntr",5430,1,12/03/21,null,44949
5905692,Mafia II,"Nondisp fx of shaft of third MC bone, right hand, sequela",800,1,02/06/21,11/08/22,45046