Player_ID,Passoword,F_Name,L_Name,DOB,Email_ID,Wallet
YmNCM,PmTyB41ejW,Prentiss,Tax,07/07/1982,ptax0@people.com.cn,4059
QhxmA,ClwqigJ,Aryn,Dorbon,14/03/1984,adorbon1@mapy.cz,1107
r8ayt,Wfke18VaX,Matt,Garrigan,20/08/1985,mgarrigan2@ibm.com,3930
ZLxdU,n33vbW,Pearce,Blanking,22/05/1987,pblanking3@sogou.com,2796
SEZQ3,vHrjYWt4r,Brittne,Gutridge,27/11/1987,bgutridge4@usda.gov,2029
USi2r,lFlVGrBMYL,Elwin,Cutsforth,29/06/1989,ecutsforth5@photobucket.com,4993
DQUvy,Rb4eiVd,Jaquith,Stirley,11/10/1989,jstirley6@boston.com,2028
PepUd,2fnKYSB,Nan,Oxbie,03/04/1992,noxbie7@dailymail.co.uk,3542
pnZH4,Ap5o39E7Q,Shell,Farries,12/11/1992,sfarries8@auda.org.au,3222
y0Krw,1REVMKl2d9,Obidiah,Giannoni,03/08/1995,ogiannoni9@nih.gov,3389
chL2T,M0ryXmsF,Hynda,McIlenna,02/06/1997,hmcilennaa@bizjournals.com,1976
dbW91,fK8HTopjgNi,Jacinta,O'Noulane,17/11/1997,jonoulaneb@blogtalkradio.com,1692
yS9op,qN0iowgKvsx,Terrie,Paten,09/03/1999,tpatenc@soundcloud.com,1022
PUbgm,92HkrvKS,Sloan,Oliveira,03/11/1999,soliveirad@nymag.com,3559
IwwWr,NgEorOi5,Carney,Buffy,04/07/2000,cbuffye@engadget.com,3616
TRuLC,RJpN9r,Wye,Lawerence,29/01/2001,wlawerencef@state.gov,3253
VAKto,kewkk6,Aurie,O' Ronan,09/02/2001,aoronang@home.pl,2509
oFTCq,yAWw5g,Hollie,Klampt,04/04/2001,hklampth@umich.edu,3432
gDsZ6,zcz7Zr,Lucien,Riggs,28/08/2001,lriggsi@europa.eu,2902
f5PtQ,54GnIUzvrLd,Nikolos,Bohden,01/08/2002,nbohdenj@github.com,4009
httOy,D6bZCd,Valina,Bowmen,17/01/2003,vbowmenk@discuz.net,1065
2loX3,LlX2BJ60zOS8,Spense,Ibel,28/08/2003,sibell@youtu.be,3544
hmRg1,ZJobspbnffEo,Faunie,Le Huquet,01/02/2006,flehuquetm@shutterfly.com,2720
b3750,TnEaiz,Maryanne,Rajchert,02/05/2008,mrajchertn@theguardian.com,4473
kIN8C,IybHtpw,Gloria,Vaadeland,21/09/2009,gvaadelando@cocolog-nifty.com,3569
5zSIi,ijQFsZ,Vina,Oxtoby,01/04/1981,voxtobyp@arizona.edu,2434
afXGa,O3oqNVwN0,Brent,Caple,13/04/1983,bcapleq@rediff.com,1451
trtCL,Dkfqao1FvVry,Mill,Unitt,03/01/1984,munittr@flickr.com,3021
TwpZ5,G6cl4Rq,Georgeanna,Cheverton,09/11/1984,gchevertons@example.com,2210
WzHEY,Ute7tUNkAon,Jermain,Friedank,13/02/1986,jfriedankt@usda.gov,1768
wCxdN,WcNQdJ,Lynne,Kay,21/10/1986,lkayu@netlog.com,4958
XQZeR,i87gUSLfh,Cherice,Martygin,02/12/1986,cmartyginv@example.com,1650
Yc7b3,KS14csr2,Patric,Collet,31/05/1988,pcolletw@umich.edu,4643
W7U0e,PshQ5ECpI0yH,Juan,Groocock,15/08/1988,jgroocockx@opera.com,3577
DUPk6,DACmwR,Micky,Nisard,17/01/1989,mnisardy@hp.com,4677
gxoTb,ssjpHt,Merle,Kalf,28/07/1989,mkalfz@salon.com,1717
HtbyN,N4FnISSy,Morlee,Gulland,02/11/1989,mgulland10@istockphoto.com,3041
ofba1,MqcfccYZk7G,Sibbie,Hebborn,11/12/1989,shebborn11@merriam-webster.com,1672
W0fOX,yeKl359,Lesya,Yesinin,20/12/1990,lyesinin12@wired.com,1326
TkZe3,riJJkHb,Aldo,Ciccottio,24/12/1990,aciccottio13@redcross.org,2066
cTTjD,XEELTfxr,Rodi,Perche,11/10/1991,rperche14@dell.com,2496
klsFH,mqLEjUhF,Harriot,Vallow,12/10/1992,hvallow15@lulu.com,3600
LQVPM,ckoGK2,Paulita,Harlowe,26/05/1993,pharlowe16@flickr.com,3620
P1poP,PeV9brmX,Isac,Heberden,28/02/1994,iheberden17@seesaa.net,2848
9j8Om,TBwXPANjZth,Shir,Guerin,30/06/1995,sguerin18@usda.gov,3312
IKsQV,w4LLN9xgF,Dulce,Brewin,01/09/1999,dbrewin19@disqus.com,3970
8ciNW,6aGB4sIJTa,Hobard,Bolden,25/10/2000,hbolden1a@reuters.com,1271
LPdNF,ovnpWQEqKnRN,Corny,Bertolin,03/11/2000,cbertolin1b@cbslocal.com,4079
VqYjE,DdAtBWc,Linzy,Richemont,07/01/2003,lrichemont1c@sphinn.com,1300
JpEoH,CJOScyW9,Corinne,Whiteley,25/03/2004,cwhiteley1d@google.com,2416
8TOCZ,vxqGBiTr6,Timothee,Yerill,15/07/1982,tyerill1e@dyndns.org,2693
zHJfa,WMaW5DzT4J,Fawn,Ambroz,04/11/1982,fambroz1f@xinhuanet.com,1196
kQbfC,Ts52mT7c,Davie,Sibbet,04/07/1983,dsibbet1g@amazon.co.jp,3356
g52yS,pw4Ep52X,Zackariah,Demangeon,17/01/1985,zdemangeon1h@yolasite.com,4233
S8NEH,bNFIoinFN,Callida,Tunnacliffe,17/09/1985,ctunnacliffe1i@cargocollective.com,1079
sBGvn,sRoTBh,Ursuline,Verillo,22/09/1986,uverillo1j@ycombinator.com,4024
alJzi,KjnW8xbD,Alexia,Fishe,12/11/1986,afishe1k@cloudflare.com,2089
rud0W,zKWV3erzAFLE,Felicity,Longo,08/12/1987,flongo1l@patch.com,2242
9HcSW,3fzYdyUw,Fonz,Henze,13/09/1988,fhenze1m@google.com.hk,1639
zhomz,06LayJXUKWEE,Holmes,Arundell,03/03/1989,harundell1n@angelfire.com,1908
1SM01,CDHEVpoSRLl7,Tedd,Ca,04/07/1990,tca1o@123-reg.co.uk,4026
wJeJg,KKxHNy8GE,Josselyn,Rosenblum,24/09/1990,jrosenblum1p@ehow.com,2294
EiWwu,R4kDHwGf2N,Nonna,Senecaux,03/05/1993,nsenecaux1q@imgur.com,3464
lYqU3,ULWe9KEI2T,Rhea,Dossettor,12/03/1996,rdossettor1r@wisc.edu,1222
Vub8p,Xx9SocHG,Frederica,Yankishin,21/05/1996,fyankishin1s@g.co,4758
jV3DK,ffP3TG,Flinn,Cullin,07/09/1998,fcullin1t@bing.com,4128
jpfm0,3tpKwvXcT5,Westbrooke,Millhouse,04/02/1999,wmillhouse1u@prlog.org,3229
pCFqe,uW1ljYKu5,Kelvin,Swine,03/03/1999,kswine1v@google.pl,3894
P9zFE,cH0TyzYk0B3,Flin,Tolchard,15/09/2000,ftolchard1w@amazon.co.uk,2710
jK1Ve,9sz10yh,Nichol,Galbreath,20/04/2001,ngalbreath1x@uiuc.edu,2856
KsCZV,6lYPpg7,Aimil,Witcherley,05/04/2002,awitcherley1y@weebly.com,3996
EO3s0,Ehxt2GcxEV,Far,Muller,05/11/2004,fmuller1z@intel.com,1786
gRew3,69F573l,Carolyne,Enright,18/07/2005,cenright20@lulu.com,1618
U0rFl,EHtfeQIRA,Susana,Machel,18/11/2005,smachel21@miibeian.gov.cn,2449
KQAuE,2TFuU8QNt9m,Shermie,Hansill,12/11/2008,shansill22@geocities.com,1549
yfvgQ,6HQwiUbX,Stella,Spread,16/07/1981,sspread23@pinterest.com,4256
Ge4Kz,kLHhNvT56,Rafe,Bakey,20/08/1982,rbakey24@1und1.de,2970
trHRu,Oa483wR3XKdr,Brice,Pressey,31/08/1982,bpressey25@hc360.com,2590
s6wR8,8ZE3sS,Dyanne,Butner,12/08/1983,dbutner26@tripod.com,3022
MplRI,TCMdpek,Merline,Mellon,22/03/1984,mmellon27@dell.com,1943
ioVkv,pNe9cucU,Evelina,Rackstraw,07/12/1984,erackstraw28@wunderground.com,4510
dQSAQ,cCQi3W4,Lou,Mallows,22/03/1985,lmallows29@chicagotribune.com,4713
hPbuB,hs7MO1zP,Daisy,Kippen,09/05/1985,dkippen2a@360.cn,4607
AkgCj,bYqMYhnx,Conni,Brass,01/11/1985,cbrass2b@hhs.gov,3876
uk3MS,p1ngsJ99v,Burty,Frotton,27/06/1986,bfrotton2c@about.me,2531
pmrVs,m5c4GNk0,Melisenda,Berling,16/02/1988,mberling2d@friendfeed.com,4679
OnFkm,F8dBrAqjT2,Alonso,Dunsmuir,20/08/1990,adunsmuir2e@reddit.com,4092
8eQzb,Hkghb6spnvN,Durand,Whitman,23/04/1993,dwhitman2f@shinystat.com,1234
WLbhC,KVUBpEc7a,Abba,Eschalette,14/04/1995,aeschalette2g@bloglines.com,3497
cE90g,L0XpJUr,Barri,Blackburn,16/05/1997,bblackburn2h@blinklist.com,4145
k9V5M,FZPXIbr5,Drew,Boame,22/08/1997,dboame2i@wikia.com,1335
8kqdR,uv0VU6Rct,Cathy,Yarnall,13/03/2000,cyarnall2j@google.pl,5000
JUeSu,NIEfcbw1v,Early,Poundesford,08/02/2001,epoundesford2k@ameblo.jp,4437
VlRsS,xw0pgUl4DV7,Jarred,Hapke,20/12/2001,jhapke2l@pcworld.com,1997
mbK3l,ARP9yb9qoC8e,Nickie,Bannerman,11/01/2002,nbannerman2m@wunderground.com,1189
p9QNG,DWLeaX,Edmon,Salvin,10/06/2002,esalvin2n@wufoo.com,2396
MWE5m,uNLM4R,Marshall,Street,18/06/2004,mstreet2o@huffingtonpost.com,4656
bPImg,pY5RRIvJB6,Brice,Hartrick,28/07/2004,bhartrick2p@wired.com,2855
jX3Sb,ogRNzsB9a0,Lida,Teal,20/01/2005,lteal2q@furl.net,4529
wV8aB,U4hGA3BL,Tish,Cheavin,04/07/2007,tcheavin2r@marriott.com,3661