Purchase_ID,Purchase_Type,Game_ID,Player_ID,Date_Purchased,Card_Number
UEhdDgZNeF,UPI,1062915,EiWwu,24/11/2016,null
5jtXGM9gk5,UPI,1298072,EiWwu,26/10/2017,null
5wICpGu0kF,Card,1298072,jX3Sb,18/05/2018,5136869588782502
46DDWoba0l,UPI,1298072,klsFH,21/06/2018,null
nD45iuFUYZ,UPI,1313183,JpEoH,02/07/2018,null
zx6EyzKe0F,Card,1313183,oFTCq,24/07/2018,5010124945434301
syLeGjFuOB,Wallet,1397557,XQZeR,15/11/2018,null
ZQEx4M6W3Y,Wallet,1441196,MplRI,05/02/2019,null
r8xvcb8H5Z,Card,1592710,jpfm0,27/03/2019,5517069058917428
kNS5Fl3rSo,UPI,1878655,KsCZV,29/11/2019,null
kewertMRD1,UPI,2086027,TRuLC,23/06/2020,null
5JMFHPbI3L,UPI,2086027,Vub8p,10/08/2020,null
IOx1SfFQ7M,Wallet,2282682,chL2T,08/09/2020,null
Q4pNsd32RG,Wallet,2282682,wJeJg,25/09/2020,null
v59nqGJx6j,UPI,2508160,2loX3,28/09/2020,null
FddsdmU38m,UPI,2508160,IKsQV,08/10/2020,null
2KcS3FpQav,Card,2508160,YmNCM,04/12/2020,5108759641168746
vWH4s9RGip,UPI,2597100,Yc7b3,15/03/2021,null
1c7LCgxBP7,Wallet,2703111,IwwWr,25/03/2021,null
rGBiqdGXIK,Wallet,2703111,bPImg,20/07/2021,null
8xgmMulZwq,Wallet,2942030,jV3DK,25/08/2021,null
KwmuE5xboz,Wallet,2942030,kQbfC,23/12/2021,null
CG6iFohcOg,UPI,2951627,IKsQV,24/12/2021,null
S3B2Roa3bS,Wallet,2951627,VqYjE,13/01/2022,null
4Bdunhbp0n,Card,2962301,IKsQV,28/07/2022,5007664901701586
FNdWhIUwD1,Card,3077061,LQVPM,16/05/2016,5007660206602371
crat5ddHo2,Wallet,3309688,WzHEY,17/05/2016,null
PQdfTx4WH6,UPI,3371429,afXGa,26/07/2016,null
J8mgn70dPt,UPI,3373576,JUeSu,19/10/2016,null
E4V0kKV8id,UPI,3450042,KQAuE,03/04/2017,null
8SLsHeCZWA,UPI,3450042,f5PtQ,07/04/2017,null
5WIMijdJEs,Wallet,3641660,8ciNW,18/05/2017,null
5GvTdv6bQ7,UPI,3875076,cTTjD,09/08/2017,null
usL96EJBk4,Wallet,3875076,gxoTb,19/10/2017,null
v60qP4tpRa,Wallet,3875076,jV3DK,03/01/2018,null
x5mYtxoksW,Wallet,4167000,zhomz,14/08/2018,null
KarttFhyt5,UPI,4259204,PUbgm,27/08/2018,null
QNwfLTJhr4,UPI,4320888,sBGvn,04/09/2018,null
qzqgcAypuO,Card,4426120,hPbuB,18/04/2019,5108751510582438
trQmavJjvv,Wallet,4506073,yfvgQ,17/07/2019,null
w3NkBodKuT,UPI,4751323,S8NEH,24/09/2019,null
yQgp4ImSph,Wallet,4751323,bPImg,03/02/2020,null
vl7o6nhtey,UPI,4772474,sBGvn,10/02/2020,null
B2y7A2TSKG,Wallet,5185229,cE90g,06/05/2020,null
bG2MyTDtsp,Wallet,5185229,kQbfC,05/01/2021,null
NTCGc4hp69,UPI,5230423,hmRg1,11/02/2021,null
uWrLKs6Gqa,Wallet,5230423,lYqU3,30/03/2021,null
72MAT6V852,UPI,5246630,KsCZV,05/07/2021,null
6IHQ1zlaEg,UPI,5311927,ZLxdU,13/08/2021,null
6CIeKp6ggL,UPI,5597123,cTTjD,20/08/2021,null
7TSLGHi8XR,UPI,5597123,wV8aB,17/06/2016,null
Ltyh3Lsh7O,UPI,5668080,jV3DK,01/09/2016,null
oqZYS66Q6T,Card,5721231,kQbfC,19/09/2016,5048379945318195
gYQslCLid6,Wallet,5721231,sBGvn,30/01/2017,null
89OpkXme6J,Wallet,5939307,lYqU3,03/04/2017,null
vvpW9Uavdy,Card,5985813,ZLxdU,08/09/2017,5007660310236982
Eu71wgZPdE,UPI,6071376,Ge4Kz,10/11/2017,null
HQctQyqmyz,Wallet,6157385,TkZe3,19/02/2018,null
oNfrtqy9sh,Card,6389310,JUeSu,13/06/2018,5048376135729496
zrNQWXTNVC,UPI,6389310,XQZeR,07/09/2018,null
I2yzrJcoKc,UPI,6443957,DUPk6,24/09/2018,null
oxSQ2rjcqj,UPI,6462829,afXGa,24/10/2018,null
MHfy1flZdx,UPI,6463010,W7U0e,06/12/2018,null
GjnwBGS6me,Wallet,6582019,XQZeR,05/02/2019,null
NRb0lxcWMT,Wallet,7033660,8eQzb,25/09/2019,null
bp9N6Bg0jm,Wallet,7033660,trHRu,10/12/2019,null
m2r4n8DKB1,UPI,7453335,PepUd,02/06/2020,null
JpcWAznqMX,UPI,7453335,dQSAQ,03/06/2020,null
Wp1KIUpS0R,Wallet,7511958,zhomz,13/11/2020,null
laidkfaOsp,UPI,7553617,HtbyN,11/01/2021,null
OBkVOYz0n7,UPI,7553617,QhxmA,04/03/2021,null
zVJ9oUctgB,Wallet,7637254,alJzi,05/04/2021,null
rfUWFNWO7A,UPI,7637254,mbK3l,08/10/2021,null
xa0pN46IKe,Wallet,7654128,DUPk6,15/07/2022,null
AzBqM2MWQd,Wallet,7654128,HtbyN,31/08/2022,null
QDyEjeX7MI,UPI,7654128,WzHEY,15/06/2016,null
3EE2ovMuzM,Wallet,7670481,ZLxdU,29/06/2016,null
W2hCHAlvNe,Wallet,7749104,wJeJg,06/09/2016,null
SIQU2Apdfp,Wallet,7861589,r8ayt,12/04/2017,null
ImaMwtBYOs,UPI,7881760,Yc7b3,29/05/2017,null
RYjqxJEmYz,Wallet,8037209,JpEoH,15/08/2017,null
gHjHNg3OYc,UPI,8037209,KQAuE,21/11/2017,null
eF8evYnKmU,Wallet,8238328,bPImg,22/08/2018,null
TzxpEiHiTl,Card,8268922,VqYjE,17/01/2019,5379911340389611
yhkbP9vkK7,Wallet,8268922,dQSAQ,01/04/2019,null
mMvLEGtfnB,UPI,8268922,lYqU3,11/07/2019,null
zKHNzlWAPZ,UPI,8306584,sBGvn,04/09/2019,null
AM9bqkfDb8,UPI,8382609,USi2r,18/09/2019,null
hcb2s6AN2c,UPI,8476158,WzHEY,06/04/2020,null
sAwbMDilAR,Wallet,8518097,9HcSW,03/12/2020,null
Q6CyKBuqKa,Wallet,8776164,DQUvy,29/01/2021,null
1JKyPEqjI9,Wallet,8776164,cE90g,03/03/2021,null
aFPip9vdQt,UPI,8886656,yfvgQ,29/03/2021,null
E0DhT1YBJ5,UPI,8988447,KsCZV,25/08/2021,null
5VFn3WerpF,UPI,9004427,MplRI,28/09/2021,null
c7UVx8IPMw,Card,9361122,PUbgm,30/09/2021,5338416773273669
6xqZhm1TWG,UPI,9361122,s6wR8,09/03/2022,null
7zJaaHG2cO,Wallet,9477953,LPdNF,14/04/2022,null
a55cNsfEfR,Wallet,9477953,ioVkv,17/08/2022,null
sAuUQ8zs1b,UPI,9860147,9j8Om,02/11/2022,null