Player_ID,Game_ID,Rate,Feedback
1SM01,9477953,2,He poured rocks in the dungeon of his mind.
8ciNW,3373576,3,At that moment I was the most fearsome weasel in the entire swamp.
8eQzb,2282682,5,I currently have 4 windows open up… and I don’t know why.
8kqdR,8988447,1,He excelled at firing people nicely.
9HcSW,5311927,5,The hand sanitizer was actually clear glue.
AkgCj,4050927,5,Despite multiple complications and her near-death experience
AkgCj,5939307,4,The newly planted trees were held up by wooden frames in hopes they could survive the next storm.
EiWwu,7861589,4,Purple is the best city in the forest.
EiWwu,8306584,3,He had a hidden stash underneath the floorboards in the back room of the house.
EiWwu,8886656,5,The quick brown fox jumps over the lazy dog.
Ge4Kz,7881760,1,It didn't take long for Gary to detect the robbers were amateurs.
Ge4Kz,8988447,1,We will not allow you to bring your pet armadillo along.
IKsQV,5043846,2,"I may struggle with geography, but I'm sure I'm somewhere around here."
IKsQV,7654128,3,The hummingbird's wings blurred while it eagerly sipped the sugar water from the feeder.
IwwWr,6400425,2,It must be five o'clock somewhere.
JUeSu,3450042,2,"Jason lived his life by the motto, ""Anything worth doing is worth doing poorly."
KQAuE,4866289,1,The white water rafting trip was suddenly halted by the unexpected brick wall.
KsCZV,4426120,3,8% of 25 is the same as 25% of 8 and one of them is much easier to do in your head.
KsCZV,5043846,3,"As the asteroid hurtled toward earth, Becky was upset her dentist appointment had been canceled."
LPdNF,5246630,2,"They say people remember important moments in their life well, yet no one even remembers their own birth."
LPdNF,6443957,2,The truth is that you pay for your lifestyle in hours.
MWE5m,1298072,5,She found it strange that people use their cellphones to actually talk to one another.
MWE5m,5960071,3,Peter found road kill an excellent way to save money on dinner.
MWE5m,7654128,4,Today is the day I'll finally know what brick tastes like.
MWE5m,8306584,3,She lived on Monkey Jungle Road and that seemed to explain all of her strangeness.
MplRI,5185229,3,He found rain fascinating yet unpleasant.
MplRI,8776164,2,Potato wedges probably are not best for relationships.
P1poP,9860147,2,More RVs were seen in the storage lot than at the campground.
P9zFE,3077061,4,The golden retriever loved the fireworks each Fourth of July.
P9zFE,5043846,1,It was always dangerous to drive with him since he insisted the safety cones were a slalom course.
PUbgm,6157385,3,We're careful about orange ping pong balls because people might think they're fruit.
QhxmA,4452771,2,The wake behind the boat told of the past while the open sea for told life in the unknown future.
QhxmA,5230423,2,Giving directions that the mountains are to the west only works when you can see them.
SEZQ3,9029459,4,He hated that he loved what she hated about hate.
TkZe3,7637254,5,The paintbrush was angry at the color the artist chose to use.
TkZe3,9361122,3,"When he asked her favorite number, she answered without hesitation that it was diamonds."
USi2r,5043846,3,I am never at home on Sundays.
VqYjE,4320888,5,My dentist tells me that chewing bricks is very bad for your teeth.
Vub8p,8306584,1,He decided to live his life by the big beats manifesto.
W0fOX,8238328,5,Two seats were vacant.
W0fOX,9361122,4,null
W7U0e,3875076,2,null
W7U0e,7478631,3,null
WLbhC,4751323,4,null
WzHEY,3641660,4,null
WzHEY,8476158,5,null
XQZeR,2962301,2,null
YmNCM,1062915,2,null
afXGa,6462829,4,null
b3750,4426120,4,null
b3750,7511958,3,null
cTTjD,5985813,5,null
cTTjD,8367901,3,null
cTTjD,8518097,3,null
chL2T,5721231,3,null
dQSAQ,7478631,5,null
f5PtQ,8367901,4,null
hPbuB,6443957,2,null
httOy,9497148,5,null
ioVkv,2597100,4,null
ioVkv,8306584,2,null
jK1Ve,2703111,3,null
jK1Ve,4320888,5,null
jV3DK,2579290,1,null
jV3DK,4452771,5,null
jX3Sb,5043846,5,null
jpfm0,2247901,4,null
jpfm0,8238328,4,null
jpfm0,9751310,3,null
kIN8C,4426120,5,null
kIN8C,4972310,1,null
kQbfC,1298072,1,null
lYqU3,1592710,2,null
mbK3l,3373576,3,null
mbK3l,9151145,2,null
ofba1,4167000,2,null
p9QNG,2597100,1,null
p9QNG,9863739,3,null
pCFqe,2962301,3,null
pCFqe,8367901,2,null
r8ayt,1062915,2,null
rud0W,7889575,5,null
s6wR8,1313183,3,null
s6wR8,5985813,4,null
sBGvn,8988447,3,null
trHRu,1397557,3,null
trHRu,3891321,2,null
trHRu,4772474,2,null
trHRu,7654128,4,null
trtCL,8988447,1,null
uk3MS,2703111,3,null
wCxdN,2508160,2,null
wCxdN,5960071,2,null
wJeJg,7749104,4,null
wV8aB,3648847,5,null
wV8aB,6157385,3,null
yS9op,7889575,3,null
yS9op,9004427,5,null
yS9op,9477953,1,null
yfvgQ,6619482,5,null