Game_ID,System_Name
2703111,Windows 10
2703111,Linux
7033660,Mac OS
7033660,Windows 8
7033660,Ubuntu
7033660,Linux
7033660,Windows 10
3995359,Linux
8268922,Windows 10
8268922,Ubuntu
4041448,Mac OS
4041448,Windows 8
4041448,Windows 10
4041448,Ubuntu
4041448,Linux
5259212,Windows 8
5985813,Mac OS
5985813,Windows 8
5985813,Windows 10
5985813,Linux
5985813,Ubuntu
9477953,Ubuntu
9477953,Linux
9477953,Windows 8
9477953,Windows 10
3371429,Windows 8
3371429,Windows 10
9004427,Windows 10
9004427,Mac OS
9004427,Linux
9004427,Ubuntu
7654128,Mac OS
7654128,Windows 10
7654128,Windows 8
7654128,Ubuntu
7654128,Linux
5721231,Linux
5597123,Linux
5597123,Mac OS
5597123,Windows 10
3450042,Windows 10
3450042,Windows 8
3450042,Ubuntu
3450042,Linux
3450042,Mac OS
6157385,Windows 10
6157385,Mac OS
6157385,Linux
6157385,Ubuntu
2597100,Windows 10
2597100,Windows 8
2597100,Mac OS
6071376,Ubuntu
6071376,Mac OS
5246630,Windows 10
5246630,Mac OS
4320888,Windows 8
4320888,Windows 10
4320888,Mac OS
4320888,Linux
4320888,Ubuntu
4506073,Linux
8988447,Windows 10
8988447,Mac OS
8988447,Ubuntu
8988447,Windows 8
8382609,Windows 10
8382609,Linux
8382609,Ubuntu
8382609,Mac OS
3891321,Windows 8
3891321,Ubuntu
3891321,Linux
3891321,Mac OS
3891321,Windows 10
8776164,Linux
9497148,Mac OS
5939307,Windows 10
5939307,Windows 8
5939307,Mac OS
3875076,Windows 10
3875076,Linux
3875076,Ubuntu
3875076,Mac OS
3875076,Windows 8
4866289,Ubuntu
4866289,Windows 10
4866289,Windows 8
1441196,Mac OS
1441196,Ubuntu
1441196,Linux
4452771,Linux
2086027,Windows 10
2282682,Windows 10
2282682,Mac OS
2282682,Ubuntu
4167000,Windows 8
4167000,Ubuntu
6443957,Ubuntu
6443957,Linux
6443957,Windows 8
2508160,Windows 10
2508160,Mac OS
2508160,Windows 8
2508160,Ubuntu
2508160,Linux
4259204,Mac OS
4259204,Windows 10
4259204,Windows 8
4259204,Linux
4259204,Ubuntu
9029459,Linux
9029459,Ubuntu
9029459,Mac OS
3648847,Windows 10
3648847,Linux
3648847,Ubuntu
4426120,Mac OS
4426120,Windows 10
4426120,Windows 8
4426120,Ubuntu
4426120,Linux
3641660,Windows 10
7453335,Ubuntu
5043846,Windows 8
5043846,Ubuntu
6582019,Mac OS
6582019,Ubuntu
6582019,Linux
6582019,Windows 10
7889575,Mac OS
7889575,Windows 10
7889575,Ubuntu
3077061,Ubuntu
2579290,Linux
2579290,Ubuntu
2579290,Mac OS
2579290,Windows 10
2579290,Windows 8
5668080,Mac OS
5668080,Windows 10
5668080,Windows 8
5668080,Ubuntu
5668080,Linux
7881760,Windows 10
7881760,Linux
7881760,Ubuntu
7881760,Windows 8
6462829,Windows 8
6462829,Windows 10
2247901,Windows 8
2247901,Ubuntu
2247901,Linux
7511958,Mac OS
4772474,Mac OS
4772474,Windows 8
4772474,Linux
4772474,Ubuntu
4772474,Windows 10
4751323,Windows 8
9460800,Linux
9460800,Windows 8
9460800,Mac OS
9460800,Windows 10
2962301,Mac OS
2962301,Windows 10
4050927,Ubuntu
4050927,Mac OS
1298072,Linux
1298072,Ubuntu
1298072,Mac OS
1298072,Windows 10
5185229,Mac OS
5185229,Ubuntu
5894396,Mac OS
5894396,Windows 10
5894396,Ubuntu
5894396,Linux
5894396,Windows 8
8886656,Windows 8
8886656,Mac OS
8886656,Windows 10
8886656,Linux
8886656,Ubuntu
5311927,Mac OS
5311927,Ubuntu
5311927,Linux
5311927,Windows 8
9751310,Ubuntu
9751310,Windows 8
3373576,Mac OS
6400425,Linux
6400425,Ubuntu
8238328,Ubuntu
8238328,Windows 8
1878655,Windows 8
1878655,Ubuntu
1878655,Windows 10
1878655,Mac OS
6534405,Mac OS
6534405,Linux
6534405,Ubuntu
6534405,Windows 10
9361122,Windows 10
9361122,Ubuntu
9361122,Windows 8
1397557,Mac OS
1397557,Windows 8
1062915,Mac OS
1062915,Windows 10
1062915,Ubuntu
1062915,Windows 8
9062725,Mac OS
7553617,Windows 8
7553617,Mac OS
7553617,Windows 10
7553617,Ubuntu
7553617,Linux
9151145,Linux
9151145,Windows 10
9914142,Windows 8
9914142,Ubuntu
9914142,Mac OS
8476158,Windows 10
8476158,Ubuntu
8476158,Linux
8476158,Windows 8
8476158,Mac OS
7861589,Mac OS
9860147,Windows 10
9860147,Linux
7637254,Mac OS
7637254,Windows 10
7637254,Ubuntu
7637254,Linux
1592710,Mac OS
1592710,Windows 10
1592710,Linux
1592710,Ubuntu
1592710,Windows 8
6389310,Windows 10
7478631,Mac OS
7478631,Ubuntu
7478631,Windows 10
1313183,Windows 10
9863739,Mac OS
9863739,Windows 10
3309688,Ubuntu
3309688,Windows 8
3309688,Mac OS
3309688,Windows 10
5230423,Windows 8
8883629,Windows 10
8883629,Linux
7749104,Linux
7749104,Windows 10
7749104,Mac OS
2942030,Windows 8
2942030,Mac OS
2942030,Ubuntu
2942030,Linux
7670481,Windows 10
7670481,Mac OS
7670481,Windows 8
7670481,Linux
7670481,Ubuntu
2951627,Mac OS
2951627,Windows 10
2951627,Linux
2951627,Ubuntu
8037209,Windows 8
6463010,Windows 8
6463010,Ubuntu
6463010,Linux
8306584,Mac OS
8306584,Ubuntu
8306584,Linux
8306584,Windows 10
8518097,Windows 8
8518097,Linux
8518097,Ubuntu
8518097,Windows 10
5960071,Windows 10
5960071,Ubuntu
5960071,Linux
6619482,Windows 8
6619482,Ubuntu
6619482,Linux
6619482,Windows 10
6619482,Mac OS
8367901,Mac OS
8367901,Windows 10
8367901,Ubuntu
8367901,Linux
4972310,Windows 10
1228990,Windows 10
1228990,Ubuntu
1228990,Linux
5905692,Mac OS
5905692,Ubuntu
5905692,Windows 8
5905692,Windows 10