Tag_ID,Tag_Name
444851,Action
185291,Adventure
911414,Casual
550564,Simulation
780507,RPG
406467,Strategy
119123,Singleplayer
262260,Early Access
865020,Free to Play
280511,2D
793374,Atmospheric
965014,3D
539378,Story Rich
185703,Fantasy
931586,Multiplayer
439672,Massively Multiplayer
976585,Puzzle
551113,Colorful
495929,Sports
427546,Violent
984448,Pixel Graphics
608112,Exploration
654575,Cute
985900,First-Person
387803,Racing
543429,Nudity
209856,Sexual Content
783081,Anime
961269,Funny
779001,Gore
753360,Sci-fi
911319,Arcade
450590,Combat
522298,Shooter
419715,Action-Adventure
510794,Relaxing
132499,Horror
435045,Family Friendly
848469,Retro
329299,Open World
975665,Platformer
365210,Female Protagonist
167098,Third Person
275637,Co-op
738046,Survival
951543,Stylized
392513,Controller
863469,PvP
761271,Comedy
946285,Choices Matter
953301,Realistic
886140,Difficult
160173,Top-Down
162564,Great Soundtrack
758398,Visual Novel
106949,VR
455975,FPS
457168,Old School
873684,Physics
640615,Dark
699514,Character Customization
169735,Online Co-Op
763573,Mystery
910677,Cartoony
367475,PvE
962204,2D Platformer
718898,Multiple Endings
681084,Linear
914775,Psychological Horror
643080,Sandbox
642010,Tactical
822051,Medieval
119736,Magic
273649,Minimalist
865684,Space
146477,Futuristic
125594,Action RPG
589745,Building
652505,Shoot 'Em Up
157680,Point & Click
988738,Design & Illustration
212085,Hand-drawn
790180,Management
610441,Crafting
425946,Local Multiplayer
165359,Utilities
669215,Side Scroller
418783,Cartoon
199667,Procedural Generation
931813,Drama
693716,1980s
624560,Education
271153,Mature
807238,Roguelike
333968,Resource Management
546570,Puzzle Platformer
741329,Survival Horror
879342,Logic
492100,Dark Fantasy
407684,3D Platformer