Game_ID,Game_Name,About,Release_Date
9166969,Forza Horizon 4,Athscl unsp type bypass of left leg w ulc of heel and midft,26/01/2023
4539274,Rocket League,Unsp injury at unspecified level of cervical spinal cord,07/02/2023
8754211,Minecraft,"Toxic effect of carb monx from utility gas, accidental",22/05/2023
1293068,Red Dead Redemption 2,Mixed lesions of pinta,02/08/2023
1517163,Fallout 4,"Unsp fracture of unsp ilium, subs for fx w routn heal",08/12/2023
8544499,Assassin's Creed II,Epiphora,15/02/2024
2898836,Halo 4,"Corrosion of 2nd deg mul fingers (nail), including thumb",25/07/2024
7073893,Call of Duty: World at War,"Displ oblique fx shaft of unsp rad, 7thR",26/11/2024
4753686,Sea of Thieves,"Partial traumatic amputation of left lower leg, level unsp",05/12/2024
6746101,Assassin's Creed,"Flail joint, left elbow",11/12/2024